Workbook

Sheet Sheet6
A1: National Flights count | B1: =COUNTIF(Table2[[#All],[Flight_Type]], "National") -> 144
A2: International Flights count | B2: =COUNTIF(Table2[[#All],[Flight_Type]], "International") -> 356
A3: Overall Count | B3: =SUM(B1:B2) -> 500
A7: Airline count for National | C7: Ontime | D7: Delayed | E7: Cancelled
A8: Airindia | B8: =COUNTIFS('Data Set '!E:E,"Air India",'Data Set '!G:G,"National") -> 39 | C8: =COUNTIFS('Data Set '!E:E,"Air India",'Data Set '!G:G,"National",'Data Set '!S:S,"On Time") -> 0 | D8: =COUNTIFS('Data Set '!E:E,"Air India",'Data Set '!G:G,"National",'Data Set '!S:S,"Delayed") -> 38 | E8: =COUNTIFS('Data Set '!E:E,"AirIndia",'Data Set '!G:G,"National",'Data Set '!S:S,"Cancelled") -> 0 | F8: Website
A9: British Airways | B9: =COUNTIFS('Data Set '!E:E,"British Airways",'Data Set '!G:G,"National") -> 0 | C9: =COUNTIFS('Data Set '!E:E,"British Airways",'Data Set '!G:G,"National",'Data Set '!S:S,"On Time") -> 0 | D9: =COUNTIFS('Data Set '!E:E,"British Airways",'Data Set '!G:G,"National",'Data Set '!S:S,"Delayed") -> 0 | E9: =COUNTIFS('Data Set '!E:E,"British Airways",'Data Set '!G:G,"National",'Data Set '!S:S,"Cancelled") -> 0 | F9: Mobile App
A10: Delta | B10: =COUNTIFS('Data Set '!E:E,"Delta",'Data Set '!G:G,"National") -> 0 | C10: =COUNTIFS('Data Set '!E:E,"Delta",'Data Set '!G:G,"National",'Data Set '!S:S,"On Time") -> 0 | D10: =COUNTIFS('Data Set '!E:E,"Delta",'Data Set '!G:G,"National",'Data Set '!S:S,"Delayed") -> 0 | E10: =COUNTIFS('Data Set '!E:E,"Delta",'Data Set '!G:G,"National",'Data Set '!S:S,"Cancelled") -> 0 | F10: Travel Agent
A11: Emirates | B11: =COUNTIFS('Data Set '!E:E,"Emirates",'Data Set '!G:G,"National") -> 0 | C11: =COUNTIFS('Data Set '!E:E,"Emirates",'Data Set '!G:G,"National",'Data Set '!S:S,"On Time") -> 0 | D11: =COUNTIFS('Data Set '!E:E,"Emirates",'Data Set '!G:G,"National",'Data Set '!S:S,"Delayed") -> 0 | E11: =COUNTIFS('Data Set '!E:E,"Emirates",'Data Set '!G:G,"National",'Data Set '!S:S,"Cancelled") -> 0
A12: Indigo | B12: =COUNTIFS('Data Set '!E:E,"Indigo",'Data Set '!G:G,"National") -> 105 | C12: =COUNTIFS('Data Set '!E:E,"Indigo",'Data Set '!G:G,"National",'Data Set '!S:S,"On Time") -> 64 | D12: =COUNTIFS('Data Set '!E:E,"Indigo",'Data Set '!G:G,"National",'Data Set '!S:S,"Delayed") -> 20 | E12: =COUNTIFS('Data Set '!E:E,"Indigo",'Data Set '!G:G,"National",'Data Set '!S:S,"Cancelled") -> 21 | F12: Veg
A13: Lufthansa | B13: =COUNTIFS('Data Set '!E:E,"Lufthansa",'Data Set '!G:G,"National") -> 0 | C13: =COUNTIFS('Data Set '!E:E,"Lufthansa",'Data Set '!G:G,"National",'Data Set '!S:S,"On Time") -> 0 | D13: =COUNTIFS('Data Set '!E:E,"Lufthansa",'Data Set '!G:G,"National",'Data Set '!S:S,"Delayed") -> 0 | E13: =COUNTIFS('Data Set '!E:E,"Lufthansa",'Data Set '!G:G,"National",'Data Set '!S:S,"Cancelled") -> 0 | F13: Non-Veg
A14: Qatar Airways | B14: =COUNTIFS('Data Set '!E:E,"Qatar Airways",'Data Set '!G:G,"National") -> 0 | C14: =COUNTIFS('Data Set '!E:E,"Qatar Airways",'Data Set '!G:G,"National",'Data Set '!S:S,"On Time") -> 0 | D14: =COUNTIFS('Data Set '!E:E,"Qatar Airways",'Data Set '!G:G,"National",'Data Set '!S:S,"Delayed") -> 0 | E14: =COUNTIFS('Data Set '!E:E,"Qatar Airways",'Data Set '!G:G,"National",'Data Set '!S:S,"Cancelled") -> 0 | F14: Jain
A15: Singapor Airlines | B15: =COUNTIFS('Data Set '!E:E,"Singapore Airlines",'Data Set '!G:G,"National") -> 0 | C15: =COUNTIFS('Data Set '!E:E,"Singapore Airlines",'Data Set '!G:G,"National",'Data Set '!S:S,"On Time") -> 0 | D15: =COUNTIFS('Data Set '!E:E,"Singapore Airlines",'Data Set '!G:G,"National",'Data Set '!S:S,"Delayed") -> 0 | E15: =COUNTIFS('Data Set '!E:E,"Singapore Airlines",'Data Set '!G:G,"National",'Data Set '!S:S,"Cancelled") -> 0 | F15: Vegan
A16: Total | B16: =SUM(B8:B15) -> 144 | C16: =SUM(C8:C15) -> 64 | D16: =SUM(D8:D15) -> 58 | E16: =SUM(E8:E15) -> 21
A18: Airline count for InterNational | C18: Ontime | D18: Delayed | E18: Cancelled
A19: Airindia | B19: =COUNTIFS('Data Set '!E:E,"Air India",'Data Set '!G:G,"International") -> 44 | C19: =COUNTIFS('Data Set '!E:E,"Air India",'Data Set '!G:G,"International",'Data Set '!S:S,"On Time") -> 21 | D19: =COUNTIFS('Data Set '!E:E,"Air India",'Data Set '!G:G,"International",'Data Set '!S:S,"Delayed") -> 21 | E19: =COUNTIFS('Data Set '!E:E,"Air India",'Data Set '!G:G,"International",'Data Set '!S:S,"Cancelled") -> 2 | F19: Website
A20: British Airways | B20: =COUNTIFS('Data Set '!E:E,"British Airways",'Data Set '!G:G,"International") -> 21 | C20: =COUNTIFS('Data Set '!E:E,"British Airways",'Data Set '!G:G,"International",'Data Set '!S:S,"On Time") -> 16 | D20: =COUNTIFS('Data Set '!E:E,"British Airways",'Data Set '!G:G,"International",'Data Set '!S:S,"Delayed") -> 3 | E20: =COUNTIFS('Data Set '!E:E,"British Airways",'Data Set '!G:G,"International",'Data Set '!S:S,"Cancelled") -> 2 | F20: Mobile App
A21: Delta | B21: =COUNTIFS('Data Set '!E:E,"Delta",'Data Set '!G:G,"International") -> 40 | C21: =COUNTIFS('Data Set '!E:E,"Delta",'Data Set '!G:G,"International",'Data Set '!S:S,"On Time") -> 6 | D21: =COUNTIFS('Data Set '!E:E,"Delta",'Data Set '!G:G,"International",'Data Set '!S:S,"Delayed") -> 0 | E21: =COUNTIFS('Data Set '!E:E,"Delta",'Data Set '!G:G,"International",'Data Set '!S:S,"Cancelled") -> 34 | F21: Travel Agent
A22: Emirates | B22: =COUNTIFS('Data Set '!E:E,"Emirates",'Data Set '!G:G,"International") -> 82 | C22: =COUNTIFS('Data Set '!E:E,"Emirates",'Data Set '!G:G,"International",'Data Set '!S:S,"On Time") -> 82 | D22: =COUNTIFS('Data Set '!E:E,"Emirates",'Data Set '!G:G,"International",'Data Set '!S:S,"Delayed") -> 0 | E22: =COUNTIFS('Data Set '!E:E,"Emirates",'Data Set '!G:G,"International",'Data Set '!S:S,"Cancelled") -> 0
A23: Indigo | B23: =COUNTIFS('Data Set '!E:E,"Indigo",'Data Set '!G:G,"International") -> 0 | C23: =COUNTIFS('Data Set '!E:E,"Indigo",'Data Set '!G:G,"International",'Data Set '!S:S,"On Time") -> 0 | D23: =COUNTIFS('Data Set '!E:E,"Indigo",'Data Set '!G:G,"International",'Data Set '!S:S,"Delayed") -> 0 | E23: =COUNTIFS('Data Set '!E:E,"Indigo",'Data Set '!G:G,"International",'Data Set '!S:S,"Cancelled") -> 0 | F23: Veg
A24: Lufthansa | B24: =COUNTIFS('Data Set '!E:E,"Lufthansa",'Data Set '!G:G,"International") -> 62 | C24: =COUNTIFS('Data Set '!E:E,"Lufthansa",'Data Set '!G:G,"International",'Data Set '!S:S,"On Time") -> 24 | D24: =COUNTIFS('Data Set '!E:E,"Lufthansa",'Data Set '!G:G,"International",'Data Set '!S:S,"Delayed") -> 37 | E24: =COUNTIFS('Data Set '!E:E,"Lufthansa",'Data Set '!G:G,"International",'Data Set '!S:S,"Cancelled") -> 1 | F24: Non-Veg
A25: Qatar Airways | B25: =COUNTIFS('Data Set '!E:E,"Qatar Airways",'Data Set '!G:G,"International") -> 48 | C25: =COUNTIFS('Data Set '!E:E,"Qatar Airways",'Data Set '!G:G,"International",'Data Set '!S:S,"On Time") -> 2 | D25: =COUNTIFS('Data Set '!E:E,"Qatar Airways",'Data Set '!G:G,"International",'Data Set '!S:S,"Delayed") -> 3 | E25: =COUNTIFS('Data Set '!E:E,"Qatar Airways",'Data Set '!G:G,"International",'Data Set '!S:S,"Cancelled") -> 43 | F25: Jain
A26: Singapor Airlines | B26: =COUNTIFS('Data Set '!E:E,"Singapore Airlines",'Data Set '!G:G,"International") -> 59 | C26: =COUNTIFS('Data Set '!E:E,"Singapore Airlines",'Data Set '!G:G,"International",'Data Set '!S:S,"On Time") -> 56 | D26: =COUNTIFS('Data Set '!E:E,"Singapore Airlines",'Data Set '!G:G,"International",'Data Set '!S:S,"Delayed") -> 3 | E26: =COUNTIFS('Data Set '!E:E,"Singapore Airlines",'Data Set '!G:G,"International",'Data Set '!S:S,"Cancelled") -> 0 | F26: Vegan
A27: Total | B27: =SUM(B19:B26) -> 356 | C27: =SUM(C19:C26) -> 207 | D27: =SUM(D19:D26) -> 67 | E27: =SUM(E19:E26) -> 82
A31: Class | C31: Status for National
A32: First | B32: =COUNTIFS('Data Set '!P:P,"First",'Data Set '!G:G,"National") -> 0 | C32: On Time | D32: =COUNTIFS('Data Set '!S:S,"On Time",'Data Set '!G:G,"National") -> 64
A33: Economy | B33: =COUNTIFS('Data Set '!P:P,"Economy",'Data Set '!G:G,"National") -> 129 | C33: Delayed | D33: =COUNTIFS('Data Set '!S:S,"Delayed",'Data Set '!G:G,"National") -> 58
A34: Business | B34: =COUNTIFS('Data Set '!P:P,"Business",'Data Set '!G:G,"National") -> 0 | C34: Cancelled | D34: =COUNTIFS('Data Set '!S:S,"Cancelled",'Data Set '!G:G,"National") -> 22
A35: Premium Economy | B35: =COUNTIFS('Data Set '!P:P,"Premium Economy",'Data Set '!G:G,"National") -> 15
A40: Total | B40: =SUM(B32:B39) -> 144 | C40: Total | D40: =SUM(D32:D39) -> 144
A42: Class | C42: Status for International
A43: First | B43: =COUNTIFS('Data Set '!P:P,"First",'Data Set '!G:G,"International") -> 42 | C43: On Time | D43: =COUNTIFS('Data Set '!S:S,"On Time",'Data Set '!G:G,"International") -> 207
A44: Economy | B44: =COUNTIFS('Data Set '!P:P,"Economy",'Data Set '!G:G,"International") -> 91 | C44: Delayed | D44: =COUNTIFS('Data Set '!S:S,"Delayed",'Data Set '!G:G,"International") -> 67
A45: Business | B45: =COUNTIFS('Data Set '!P:P,"Business",'Data Set '!G:G,"International") -> 161 | C45: Cancelled | D45: =COUNTIFS('Data Set '!S:S,"Cancelled",'Data Set '!G:G,"International") -> 82
A46: Premium Economy | B46: =COUNTIFS('Data Set '!P:P,"Premium Economy",'Data Set '!G:G,"International") -> 62
A49: Total | B49: =SUM(B41:B48) -> 356 | C49: Total | D49: =SUM(D41:D48) -> 356

Sheet Data Set 
A1: Passenger_ID | B1: Passenger_Name | C1: Age | D1: Gender | E1: Airline | F1: Flight_Number | G1: Flight_Type | H1: Departure_Airport | I1: Arrival_Airport | J1: Departure_City | K1: Arrival_City | L1: Travel_Date | M1: Departure_Time | N1: Arrival_Time | O1: Seat_No | P1: Class | Q1: Ticket_Price_USD | R1: Baggage_Weight_KG | S1: Status | T1: Delay_Minutes | U1: Booking_Channel | V1: Meal_Preference | W1: Loyalty_Points
A2: PAX0001 | B2: Rahul Sharma | C2: 34 | D2: Male | E2: IndiGo | F2: 6E245 | G2: National | H2: MAA | I2: DEL | J2: Chennai | K2: Delhi | L2: 45659 | M2: 0.27083333 | N2: 0.38541667 | O2: 12A | P2: Economy | Q2: 145 | R2: 18.5 | S2: On Time | T2: 0 | U2: Website | V2: Veg | W2: 2200
A3: PAX0002 | B3: Priya Nair | C3: 29 | D3: Female | E3: Air India | F3: AI512 | G3: International | H3: BOM | I3: DXB | J3: Mumbai | K3: Dubai | L3: 45660 | M3: 0.45833333 | N3: 0.61458333 | O3: 2C | P3: Business | Q3: 860 | R3: 24 | S3: Delayed | T3: 45 | U3: Mobile App | V3: Non-Veg | W3: 8400
A4: PAX0003 | B4: Arjun Mehta | C4: 41 | D4: Male | E4: Emirates | F4: EK220 | G4: International | H4: DEL | I4: LHR | J4: Delhi | K4: London | L4: 45661 | M4: 0.055555556 | N4: 0.41319444 | O4: 1A | P4: First | Q4: 2450 | R4: 30.2 | S4: On Time | T4: 0 | U4: Travel Agent | V4: Veg | W4: 13200
A5: PAX0004 | B5: Sneha Iyer | C5: 25 | D5: Female | E5: Qatar Airways | F5: QR901 | G5: International | H5: BLR | I5: SIN | J5: Bangalore | K5: Singapore | L5: 45662 | M5: 0.34027778 | N5: 0.58333333 | O5: 22B | P5: Economy | Q5: 420 | R5: 15.6 | S5: Cancelled | T5: 0 | U5: Website | V5: Vegan | W5: 3500
A6: PAX0005 | B6: Vikram Rao | C6: 38 | D6: Male | E6: Singapore Airlines | F6: SQ318 | G6: International | H6: HYD | I6: JFK | J6: Hyderabad | K6: New York | L6: 45663 | M6: 0.91666667 | N6: 0.57291667 | O6: 4D | P6: Business | Q6: 1980 | R6: 27.5 | S6: On Time | T6: 0 | U6: Mobile App | V6: Non-Veg | W6: 9700
A7: PAX0006 | B7: Meera Kapoor | C7: 31 | D7: Female | E7: Lufthansa | F7: LH760 | G7: International | H7: DEL | I7: FRA | J7: Delhi | K7: Frankfurt | L7: 45664 | M7: 0.15625 | N7: 0.47222222 | O7: 18F | P7: Premium Economy | Q7: 980 | R7: 19.3 | S7: Delayed | T7: 30 | U7: Website | V7: Veg | W7: 5400
A8: PAX0007 | B8: Karan Verma | C8: 45 | D8: Male | E8: British Airways | F8: BA256 | G8: International | H8: MAA | I8: LHR | J8: Chennai | K8: London | L8: 45665 | M8: 0.42708333 | N8: 0.77083333 | O8: 3A | P8: Business | Q8: 1650 | R8: 26.8 | S8: On Time | T8: 0 | U8: Travel Agent | V8: Non-Veg | W8: 11000
A9: PAX0008 | B9: Ananya Das | C9: 27 | D9: Female | E9: Delta | F9: DL404 | G9: International | H9: BOM | I9: JFK | J9: Mumbai | K9: New York | L9: 45666 | M9: 0.24305556 | N9: 0.72222222 | O9: 25C | P9: Economy | Q9: 740 | R9: 17.2 | S9: Cancelled | T9: 0 | U9: Website | V9: Veg | W9: 4100
A10: PAX0009 | B10: Rohit Menon | C10: 36 | D10: Male | E10: IndiGo | F10: 6E788 | G10: National | H10: CCU | I10: BLR | J10: Kolkata | K10: Bangalore | L10: 45667 | M10: 0.60069444 | N10: 0.71527778 | O10: 14D | P10: Economy | Q10: 125 | R10: 12 | S10: On Time | T10: 0 | U10: Mobile App | V10: Non-Veg | W10: 1800
A11: PAX0010 | B11: Divya Krishnan | C11: 30 | D11: Female | E11: Air India | F11: AI662 | G11: National | H11: DEL | I11: MAA | J11: Delhi | K11: Chennai | L11: 45668 | M11: 0.40277778 | N11: 0.51736111 | O11: 9B | P11: Premium Economy | Q11: 310 | R11: 20.5 | S11: Delayed | T11: 35 | U11: Website | V11: Veg | W11: 6200
A12: PAX0011 | B12: Sanjay Patel | C12: 52 | D12: Male | E12: Emirates | F12: EK501 | G12: International | H12: BOM | I12: DXB | J12: Mumbai | K12: Dubai | L12: 45669 | M12: 0.96875 | N12: 0.12152778 | O12: 5F | P12: Business | Q12: 1200 | R12: 28 | S12: On Time | T12: 0 | U12: Travel Agent | V12: Jain | W12: 14000
A13: PAX0012 | B13: Pooja Singh | C13: 24 | D13: Female | E13: IndiGo | F13: 6E902 | G13: National | H13: HYD | I13: DEL | J13: Hyderabad | K13: Delhi | L13: 45670 | M13: 0.25694444 | N13: 0.36111111 | O13: 28A | P13: Economy | Q13: 160 | R13: 10.4 | S13: Cancelled | T13: 0 | U13: Mobile App | V13: Vegan | W13: 900
... A501: PAX0450 | B501: Priya Sharma | C501: 30 | D501: Female | E501: IndiGo | F501: 6E333 | G501: National | H501: CCU | I501: DEL | J501: Kolkata | K501: Delhi | L501: 45903 | M501: 0.68055556 | N501: 0.78125 | O501: 15A | P501: Economy | Q501: 140 | R501: 10.9 | S501: Cancelled | T501: 0 | U501: Mobile App | V501: Veg | W501: 1800

Sheet Copy of Data Set
A1: Passenger_ID | B1: Passenger_Name | C1: Age | D1: Gender | E1: Airline | F1: Flight_Number | G1: Flight_Type | H1: Departure_Airport | I1: Arrival_Airport | J1: Departure_City | K1: Arrival_City | L1: Travel_Date | M1: Departure_Time | N1: Arrival_Time | O1: Seat_No | P1: Class | Q1: Ticket_Price_USD | R1: Baggage_Weight_KG | S1: Status | T1: Delay_Minutes | U1: Booking_Channel | V1: Meal_Preference | W1: Loyalty_Points
A2: PAX0001 | B2: Rahul Sharma | C2: 34 | D2: Male | E2: IndiGo | F2: 6E245 | G2: National | H2: MAA | I2: DEL | J2: Chennai | K2: Delhi | L2: 45659 | M2: 0.27083333 | N2: 0.38541667 | O2: 12A | P2: Economy | Q2: 145 | R2: 18.5 | S2: On Time | T2: 0 | U2: Website | V2: Veg | W2: 2200
A3: PAX0002 | B3: Priya Nair | C3: 29 | D3: Female | E3: Air India | F3: AI512 | G3: International | H3: BOM | I3: DXB | J3: Mumbai | K3: Dubai | L3: 45660 | M3: 0.45833333 | N3: 0.61458333 | O3: 2C | P3: Business | Q3: 860 | R3: 24 | S3: Delayed | T3: 45 | U3: Mobile App | V3: Non-Veg | W3: 8400
A4: PAX0003 | B4: Arjun Mehta | C4: 41 | D4: Male | E4: Emirates | F4: EK220 | G4: International | H4: DEL | I4: LHR | J4: Delhi | K4: London | L4: 45661 | M4: 0.055555556 | N4: 0.41319444 | O4: 1A | P4: First | Q4: 2450 | R4: 30.2 | S4: On Time | T4: 0 | U4: Travel Agent | V4: Veg | W4: 13200
A5: PAX0004 | B5: Sneha Iyer | C5: 25 | D5: Female | E5: Qatar Airways | F5: QR901 | G5: International | H5: BLR | I5: SIN | J5: Bangalore | K5: Singapore | L5: 45662 | M5: 0.34027778 | N5: 0.58333333 | O5: 22B | P5: Economy | Q5: 420 | R5: 15.6 | S5: Cancelled | T5: 0 | U5: Website | V5: Vegan | W5: 3500
A6: PAX0005 | B6: Vikram Rao | C6: 38 | D6: Male | E6: Singapore Airlines | F6: SQ318 | G6: International | H6: HYD | I6: JFK | J6: Hyderabad | K6: New York | L6: 45663 | M6: 0.91666667 | N6: 0.57291667 | O6: 4D | P6: Business | Q6: 1980 | R6: 27.5 | S6: On Time | T6: 0 | U6: Mobile App | V6: Non-Veg | W6: 9700
A7: PAX0006 | B7: Meera Kapoor | C7: 31 | D7: Female | E7: Lufthansa | F7: LH760 | G7: International | H7: DEL | I7: FRA | J7: Delhi | K7: Frankfurt | L7: 45664 | M7: 0.15625 | N7: 0.47222222 | O7: 18F | P7: Premium Economy | Q7: 980 | R7: 19.3 | S7: Delayed | T7: 30 | U7: Website | V7: Veg | W7: 5400
A8: PAX0007 | B8: Karan Verma | C8: 45 | D8: Male | E8: British Airways | F8: BA256 | G8: International | H8: MAA | I8: LHR | J8: Chennai | K8: London | L8: 45665 | M8: 0.42708333 | N8: 0.77083333 | O8: 3A | P8: Business | Q8: 1650 | R8: 26.8 | S8: On Time | T8: 0 | U8: Travel Agent | V8: Non-Veg | W8: 11000
A9: PAX0008 | B9: Ananya Das | C9: 27 | D9: Female | E9: Delta | F9: DL404 | G9: International | H9: BOM | I9: JFK | J9: Mumbai | K9: New York | L9: 45666 | M9: 0.24305556 | N9: 0.72222222 | O9: 25C | P9: Economy | Q9: 740 | R9: 17.2 | S9: Cancelled | T9: 0 | U9: Website | V9: Veg | W9: 4100
A10: PAX0009 | B10: Rohit Menon | C10: 36 | D10: Male | E10: IndiGo | F10: 6E788 | G10: National | H10: CCU | I10: BLR | J10: Kolkata | K10: Bangalore | L10: 45667 | M10: 0.60069444 | N10: 0.71527778 | O10: 14D | P10: Economy | Q10: 125 | R10: 12 | S10: On Time | T10: 0 | U10: Mobile App | V10: Non-Veg | W10: 1800
A11: PAX0010 | B11: Divya Krishnan | C11: 30 | D11: Female | E11: Air India | F11: AI662 | G11: National | H11: DEL | I11: MAA | J11: Delhi | K11: Chennai | L11: 45668 | M11: 0.40277778 | N11: 0.51736111 | O11: 9B | P11: Premium Economy | Q11: 310 | R11: 20.5 | S11: Delayed | T11: 35 | U11: Website | V11: Veg | W11: 6200
A12: PAX0011 | B12: Sanjay Patel | C12: 52 | D12: Male | E12: Emirates | F12: EK501 | G12: International | H12: BOM | I12: DXB | J12: Mumbai | K12: Dubai | L12: 45669 | M12: 0.96875 | N12: 0.12152778 | O12: 5F | P12: Business | Q12: 1200 | R12: 28 | S12: On Time | T12: 0 | U12: Travel Agent | V12: Jain | W12: 14000
A13: PAX0012 | B13: Pooja Singh | C13: 24 | D13: Female | E13: IndiGo | F13: 6E902 | G13: National | H13: HYD | I13: DEL | J13: Hyderabad | K13: Delhi | L13: 45670 | M13: 0.25694444 | N13: 0.36111111 | O13: 28A | P13: Economy | Q13: 160 | R13: 10.4 | S13: Cancelled | T13: 0 | U13: Mobile App | V13: Vegan | W13: 900
... A451: PAX0450 | B451: Priya Sharma | C451: 30 | D451: Female | E451: IndiGo | F451: 6E333 | G451: National | H451: CCU | I451: DEL | J451: Kolkata | K451: Delhi | L451: 45903 | M451: 0.68055556 | N451: 0.78125 | O451: 15A | P451: Economy | Q451: 140 | R451: 10.9 | S451: Cancelled | T451: 0 | U451: Mobile App | V451: Veg | W451: 1800
